track_id,team_label,points,avg_speed_px_s,max_speed_px_s
1,team_red,60,49.647,475.448
2,team_red,60,83.751,469.514
3,team_light,60,56.500,1242.123
4,team_light,60,80.949,400.707
5,team_light,60,56.169,830.497
6,team_light,60,19.810,75.952
7,team_red,60,59.513,536.835
8,team_light,60,59.062,609.622
9,team_red,60,62.573,432.570
10,team_red,60,61.746,367.323
11,team_red,60,48.198,511.161
12,team_light,60,25.633,64.683
13,team_light,60,68.540,665.813
14,team_red,60,31.026,200.221
15,team_light,60,94.741,426.089
16,team_light,60,50.746,952.511
17,team_light,1,0.000,0.000
18,team_red,1,0.000,0.000
19,team_light,1,0.000,0.000
20,team_red,8,56.336,185.309
21,team_light,16,64.478,349.268
22,team_red,60,102.070,482.220
23,team_light,60,34.180,130.264
24,team_red,60,23.678,185.758
25,team_light,60,34.794,70.880
26,team_other,1,0.000,0.000
27,team_red,60,141.344,514.426
28,team_red,60,119.403,648.150
29,team_light,2,36.769,36.769
30,team_light,60,112.130,518.958
31,team_light,22,62.218,223.951
32,team_light,60,86.019,615.486
33,team_light,1,0.000,0.000
34,team_red,1,0.000,0.000
35,team_light,1,0.000,0.000
36,team_light,38,202.643,449.777
37,team_light,32,182.853,407.595
38,team_light,2,14.290,14.290
39,team_light,39,287.212,427.620
40,team_light,1,0.000,0.000
41,team_light,1,0.000,0.000
42,team_light,60,166.558,659.374
43,team_red,4,358.315,428.673
44,team_light,60,47.136,301.429
45,team_light,1,0.000,0.000
46,team_light,60,92.781,496.926
47,team_red,60,146.299,682.926
48,team_light,2,14.290,14.290
49,team_light,45,78.745,174.758
50,team_light,1,0.000,0.000
51,team_red,60,101.347,423.654
52,team_light,2,198.967,198.967
53,team_red,60,143.585,634.599
54,team_red,60,98.521,551.635
55,team_light,2,98.350,98.350
56,team_light,2,0.000,0.000
57,team_light,47,208.481,544.218
58,team_light,2,17.851,17.851
59,team_red,60,282.726,564.274
60,team_red,3,226.350,230.405
61,team_red,51,299.486,573.113
62,team_light,43,340.700,566.744
63,team_light,16,296.988,615.703
64,team_light,29,232.705,726.600
65,team_light,4,253.662,406.674
66,team_light,2,580.345,580.345
67,team_red,32,304.237,549.713
68,team_red,2,0.000,0.000
69,team_red,60,80.990,629.218
70,team_red,1,0.000,0.000
71,team_light,1,0.000,0.000
72,team_red,60,58.807,376.171
73,team_red,47,202.341,332.804
74,team_light,2,1990.703,1990.703
75,team_light,60,51.862,269.635
76,team_light,1,0.000,0.000
77,team_light,60,223.511,416.585
78,team_light,60,104.435,326.807
79,team_red,1,0.000,0.000
80,team_light,2,369.779,369.779
81,team_red,60,60.292,351.964
82,team_light,4,187.067,354.900
83,team_light,5,189.343,349.137
84,team_red,5,231.516,314.332
85,team_red,2,14.289,14.289
86,team_red,60,52.367,150.955
87,team_light,60,73.626,286.043
88,team_light,1,0.000,0.000
89,team_light,60,67.406,132.924
90,team_light,60,154.196,391.762
91,team_light,60,87.701,181.272
92,team_light,2,14.289,14.289
93,team_red,60,158.981,287.563
94,team_light,43,110.236,166.009
95,team_light,43,79.770,273.828
96,team_red,19,120.764,208.168
