track_id,team_label,points,trail_points,avg_speed_px_s,max_speed_px_s
1,team_red,34,34,65.981,217.554
2,team_red,111,60,57.236,157.800
3,team_red,39,39,47.539,108.659
4,team_light,18,18,172.030,635.363
5,team_red,15,15,155.641,443.975
6,team_light,126,60,112.121,1347.448
7,team_red,47,47,55.046,162.660
8,team_red,20,20,57.634,231.114
9,team_red,20,20,62.246,169.157
10,team_light,35,35,32.757,137.005
11,team_other,1,1,0.000,0.000
12,team_red,24,24,90.405,262.326
13,team_light,34,34,88.127,452.964
14,team_light,1,1,0.000,0.000
15,team_light,201,60,42.145,409.762
16,team_light,22,22,28.938,84.787
17,team_light,17,17,62.919,249.004
18,team_light,22,22,69.961,326.817
19,team_light,53,53,85.048,1576.773
20,team_light,29,29,167.469,925.044
21,team_light,23,23,70.815,300.411
22,team_light,77,60,47.878,131.657
23,team_red,5,5,49.235,61.811
24,team_red,5,5,170.249,291.441
25,team_light,116,60,43.015,594.874
26,team_light,61,60,85.546,526.524
27,team_red,27,27,91.900,276.208
28,team_red,190,60,44.220,284.114
29,team_red,178,60,42.010,177.986
30,team_red,3,3,34.968,46.805
31,team_light,80,60,63.420,1278.263
32,team_red,129,60,47.888,313.356
33,team_light,69,60,141.021,991.766
34,team_red,110,60,60.991,506.810
35,team_red,79,60,83.616,1047.221
36,team_light,66,60,110.643,540.179
37,team_light,30,30,64.118,155.569
38,team_light,10,10,101.491,162.197
39,team_light,13,13,146.075,661.094
40,team_light,20,20,62.814,199.742
41,team_red,28,28,99.953,409.523
42,team_red,26,26,45.051,67.592
43,team_red,23,23,39.085,86.917
44,team_light,8,8,49.947,78.719
45,team_light,4,4,65.248,172.185
