frame_index,time_sec,warmup,player_detections,active_tracks,measured_player_tracks,ball_state,ball_x,ball_y
0,0.0,1,14,14,14,absent,,
1,0.033333,1,14,14,14,absent,,
2,0.066667,1,14,14,14,absent,,
3,0.1,1,14,14,14,absent,,
4,0.133333,1,16,16,16,absent,,
5,0.166667,1,15,16,15,absent,,
6,0.2,1,15,16,15,absent,,
7,0.233333,1,15,16,15,absent,,
8,0.266667,1,15,16,15,absent,,
9,0.3,1,16,17,16,absent,,
10,0.333333,1,15,17,15,absent,,
11,0.366667,1,15,17,15,absent,,
12,0.4,1,15,17,15,absent,,
13,0.433333,1,15,17,15,absent,,
14,0.466667,1,15,17,15,absent,,
15,0.5,1,15,17,15,absent,,
16,0.533333,1,15,17,15,absent,,
17,0.566667,1,15,17,15,absent,,
18,0.6,1,15,17,15,absent,,
19,0.633333,1,15,17,15,absent,,
20,0.666667,1,15,17,15,absent,,
21,0.7,1,15,17,15,absent,,
22,0.733333,1,15,17,15,absent,,
23,0.766667,1,15,17,15,absent,,
24,0.8,1,15,17,15,absent,,
25,0.833333,1,16,17,16,absent,,
26,0.866667,1,16,17,16,absent,,
27,0.9,1,15,17,15,absent,,
28,0.933333,1,15,17,15,absent,,
29,0.966667,1,15,17,15,absent,,
30,1.0,0,16,17,16,measured,471.5,175.0
31,1.033333,0,15,17,15,measured,471.5,175.0
32,1.066667,0,15,17,15,measured,471.5,175.0
33,1.1,0,14,17,14,measured,471.5,175.0
34,1.133333,0,16,17,16,measured,471.5,174.66468811035156
35,1.166667,0,15,17,15,measured,471.5,174.50978088378906
36,1.2,0,15,17,15,measured,471.5,174.44801330566406
37,1.233333,0,16,17,16,measured,471.5,174.4345703125
38,1.266667,0,16,17,16,measured,471.5,174.74472045898438
39,1.3,0,16,17,16,measured,471.5,174.9248504638672
40,1.333333,0,16,17,16,measured,471.5,175.01336669921875
41,1.366667,0,16,17,16,measured,471.5,175.6472625732422
42,1.4,0,16,17,16,measured,471.5,175.97853088378906
43,1.433333,0,16,17,16,measured,471.80078125,176.11529541015625
44,1.466667,0,16,17,16,measured,471.965087890625,176.14405822753906
45,1.5,0,16,17,16,measured,472.6399230957031,176.1233673095703
46,1.533333,0,16,17,16,measured,473.2899169921875,176.0876007080078
47,1.566667,0,16,17,16,measured,474.1973571777344,176.05380249023438
48,1.6,0,16,17,16,measured,474.62646484375,176.0283203125
49,1.633333,0,15,17,15,measured,475.3707580566406,176.01185607910156
50,1.666667,0,15,17,15,measured,306.5,196.5
51,1.7,0,15,17,15,measured,303.5714416503906,196.91836547851562
52,1.733333,0,14,17,14,measured,299.7171325683594,198.57159423828125
53,1.766667,0,15,17,15,measured,295.1477355957031,199.53810119628906
54,1.8,0,15,17,15,measured,293.49755859375,199.84793090820312
55,1.833333,0,15,17,15,measured,290.55364990234375,200.52732849121094
56,1.866667,0,15,17,15,measured,288.17840576171875,201.39805603027344
57,1.9,0,15,17,15,measured,284.887451171875,202.36851501464844
58,1.933333,0,15,17,15,measured,281.3860168457031,203.084228515625
59,1.966667,0,15,16,15,measured,278.401611328125,204.25318908691406
60,2.0,0,15,16,15,measured,277.234619140625,204.77391052246094
61,2.033333,0,15,16,15,measured,275.2472839355469,204.92022705078125
62,2.066667,0,16,17,16,measured,272.7071228027344,206.0879364013672
63,2.1,0,14,17,14,measured,270.1448974609375,206.34432983398438
64,2.133333,0,16,18,16,measured,268.1893615722656,207.27200317382812
65,2.166667,0,16,18,16,measured,266.2763977050781,208.2940673828125
66,2.2,0,16,18,16,measured,265.5641174316406,208.7472381591797
67,2.233333,0,14,18,14,measured,264.2860412597656,208.87261962890625
68,2.266667,0,14,18,14,measured,262.6214294433594,208.83941650390625
69,2.3,0,14,19,14,measured,261.02874755859375,209.65280151367188
70,2.333333,0,14,19,14,measured,258.8838195800781,210.3551483154297
71,2.366667,0,15,19,15,measured,256.74041748046875,211.87045288085938
72,2.4,0,16,19,16,measured,255.83277893066406,212.61468505859375
73,2.433333,0,16,19,16,measured,254.4169158935547,212.8856201171875
74,2.466667,0,17,19,17,measured,253.57054138183594,212.60671997070312
75,2.5,0,15,19,15,measured,252.4268035888672,212.66098022460938
76,2.533333,0,15,19,15,measured,250.7843017578125,213.2482452392578
77,2.566667,0,17,19,17,measured,248.86329650878906,213.53842163085938
78,2.6,0,17,19,17,measured,248.01683044433594,213.6454620361328
79,2.633333,0,16,19,16,measured,247.7873992919922,214.25721740722656
80,2.666667,0,16,19,16,measured,246.65188598632812,214.5551300048828
81,2.7,0,17,19,17,measured,246.16555786132812,214.66152954101562
82,2.733333,0,16,19,16,measured,241.23385620117188,205.94509887695312
83,2.766667,0,16,19,16,measured,239.86196899414062,200.8446807861328
84,2.8,0,16,19,16,measured,239.758544921875,198.51243591308594
85,2.833333,0,17,19,17,measured,247.21322631835938,206.5263671875
86,2.866667,0,16,19,16,measured,253.88108825683594,211.38722229003906
87,2.9,0,17,19,17,measured,258.13616943359375,213.60623168945312
88,2.933333,0,17,19,17,measured,261.4166259765625,214.76742553710938
89,2.966667,0,17,19,17,measured,264.7361755371094,215.35960388183594
90,3.0,0,17,19,17,measured,266.0060729980469,215.40370178222656
91,3.033333,0,16,19,16,measured,267.37908935546875,215.2196044921875
92,3.066667,0,17,19,17,measured,268.9330749511719,214.38409423828125
93,3.1,0,17,19,17,measured,270.6587219238281,214.45547485351562
94,3.133333,0,18,20,18,measured,271.31085205078125,214.4938507080078
95,3.166667,0,17,20,17,measured,272.8936462402344,214.81129455566406
96,3.2,0,17,20,17,measured,273.54803466796875,214.97988891601562
97,3.233333,0,17,20,17,measured,275.49114990234375,214.44998168945312
98,3.266667,0,17,20,17,measured,276.6796875,214.439208984375
99,3.3,0,17,20,17,measured,278.3162841796875,214.448486328125
100,3.333333,0,18,20,18,measured,279.6109313964844,214.4636688232422
101,3.366667,0,18,20,18,measured,280.7035827636719,214.4778289794922
102,3.4,0,18,20,18,measured,281.0934753417969,214.48841857910156
103,3.433333,0,18,20,18,measured,282.31951904296875,214.49522399902344
104,3.466667,0,18,20,18,measured,284.0514221191406,214.49900817871094
105,3.5,0,17,20,17,measured,285.1423645019531,214.801513671875
106,3.533333,0,16,20,16,measured,286.7483825683594,214.96633911132812
107,3.566667,0,18,20,18,measured,288.3467712402344,214.73873901367188
108,3.6,0,17,20,17,measured,289.017822265625,214.5947723388672
109,3.633333,0,17,20,17,measured,290.6735534667969,214.81704711914062
110,3.666667,0,18,19,18,measured,292.6092529296875,214.94644165039062
111,3.7,0,18,19,18,measured,294.67083740234375,214.1075897216797
112,3.733333,0,17,19,17,measured,295.565673828125,214.54013061523438
113,3.766667,0,16,19,16,measured,296.9991149902344,214.81509399414062
114,3.8,0,16,19,16,measured,297.5704345703125,214.96591186523438
115,3.833333,0,17,19,17,measured,298.8739013671875,215.0336151123047
116,3.866667,0,16,19,16,measured,300.6245422363281,215.05308532714844
117,3.9,0,15,19,15,measured,302.00738525390625,215.0489959716797
118,3.933333,0,14,19,14,measured,402.5,161.5
119,3.966667,0,14,19,14,measured,403.33673095703125,161.5
120,4.0,0,14,19,14,measured,401.2403869628906,155.71128845214844
121,4.033333,0,13,19,13,measured,400.76751708984375,153.15940856933594
122,4.066667,0,15,20,15,measured,400.663818359375,152.05979919433594
123,4.1,0,15,19,15,measured,310.5,216.5
124,4.133333,0,15,19,15,measured,310.5,216.08163452148438
125,4.166667,0,15,19,15,measured,312.0436706542969,216.35797119140625
126,4.2,0,15,19,15,measured,312.6276550292969,216.48336791992188
127,4.233333,0,14,19,14,measured,314.13262939453125,216.5283966064453
128,4.266667,0,14,19,14,measured,314.7554931640625,217.1730499267578
129,4.3,0,14,19,14,measured,316.172607421875,216.87353515625
130,4.333333,0,15,19,15,measured,318.0115051269531,216.6766357421875
131,4.366667,0,15,19,15,measured,320.0540466308594,216.559814453125
132,4.4,0,15,19,15,measured,320.9664001464844,216.50003051757812
133,4.433333,0,14,19,14,measured,321.5267028808594,216.7770233154297
134,4.466667,0,14,19,14,measured,322.8355712890625,216.9371337890625
135,4.5,0,15,19,15,measured,324.296142578125,216.7141571044922
136,4.533333,0,15,19,15,measured,326.126708984375,216.57752990722656
137,4.566667,0,15,18,15,measured,403.0,151.5
138,4.6,0,15,18,15,measured,403.0,151.5
139,4.633333,0,15,18,15,measured,326.5,217.5
140,4.666667,0,15,18,15,measured,328.1734619140625,217.5
141,4.7,0,15,17,15,measured,404.0,160.5
142,4.733333,0,15,17,15,measured,404.0,160.08163452148438
143,4.766667,0,16,17,16,measured,404.0,159.97206115722656
144,4.8,0,16,17,16,measured,404.0,159.95144653320312
145,4.833333,0,15,17,15,measured,404.3352966308594,152.9141387939453
146,4.866667,0,16,17,16,measured,404.80706787109375,149.67111206054688
147,4.9,0,16,16,16,measured,405.64166259765625,148.3845672607422
148,4.933333,0,16,16,16,measured,324.5,224.5
149,4.966667,0,16,16,16,measured,323.2449035644531,226.5918426513672
150,5.0,0,16,16,16,measured,322.9161682128906,227.1396942138672
151,5.033333,0,16,17,16,measured,321.0448303222656,229.77606201171875
152,5.066667,0,15,17,15,measured,319.3005065917969,233.82431030273438
153,5.1,0,15,17,15,measured,316.0682373046875,238.071044921875
154,5.133333,0,15,17,15,measured,313.3786926269531,242.96600341796875
155,5.166667,0,15,17,15,measured,310.1188049316406,248.4450225830078
156,5.2,0,15,17,15,measured,308.6877746582031,250.85345458984375
157,5.233333,0,16,17,16,measured,307.094482421875,255.1229248046875
158,5.266667,0,15,17,15,measured,304.74530029296875,259.91595458984375
159,5.3,0,13,17,13,measured,301.9497985839844,266.1670837402344
160,5.333333,0,14,17,14,measured,298.02850341796875,272.2638244628906
161,5.366667,0,14,17,14,measured,294.131103515625,275.1579284667969
162,5.4,0,14,17,14,measured,292.4374694824219,275.9410095214844
163,5.433333,0,14,17,14,measured,289.593505859375,276.91143798828125
164,5.466667,0,14,17,14,measured,286.0332336425781,278.7878112792969
165,5.5,0,14,17,14,measured,282.0894470214844,281.2759094238281
166,5.533333,0,15,17,15,measured,277.67950439453125,284.4227294921875
167,5.566667,0,15,17,15,measured,273.6653137207031,288.5124206542969
168,5.6,0,15,17,15,measured,272.029052734375,290.3622741699219
169,5.633333,0,14,17,14,measured,268.095947265625,293.3131408691406
170,5.666667,0,15,17,15,measured,264.2904052734375,297.8392028808594
171,5.7,0,15,17,15,measured,260.0022888183594,303.210205078125
172,5.733333,0,15,17,15,measured,254.57225036621094,306.23956298828125
173,5.766667,0,14,17,14,measured,249.76319885253906,309.0862121582031
174,5.8,0,14,17,14,measured,247.78839111328125,310.089599609375
175,5.833333,0,15,17,15,measured,243.7741241455078,311.9393310546875
176,5.866667,0,13,17,13,measured,238.50411987304688,314.38299560546875
177,5.9,0,14,17,14,measured,233.17245483398438,317.18743896484375
178,5.933333,0,15,17,15,measured,213.45254516601562,314.16357421875
179,5.966667,0,14,17,14,measured,203.67526245117188,311.84039306640625
180,6.0,0,14,17,14,measured,199.8521728515625,310.2032775878906
181,6.033333,0,12,17,12,predicted,192.08973693847656,309.2341003417969
182,6.066667,0,13,17,13,measured,212.6851348876953,322.938720703125
183,6.1,0,12,17,12,measured,219.9718017578125,326.5484924316406
184,6.133333,0,13,17,13,measured,224.01312255859375,327.970703125
185,6.166667,0,14,17,14,measured,226.3291778564453,328.2208557128906
186,6.2,0,14,17,14,measured,227.0622100830078,327.931640625
187,6.233333,0,14,17,14,measured,228.2073211669922,326.891845703125
188,6.266667,0,13,17,13,measured,228.5046844482422,326.76959228515625
189,6.3,0,15,16,15,measured,229.00103759765625,326.0589294433594
190,6.333333,0,15,16,15,measured,228.78622436523438,325.3504333496094
191,6.366667,0,14,16,14,measured,229.4276885986328,325.2908020019531
192,6.4,0,14,16,14,measured,229.69940185546875,325.313720703125
193,6.433333,0,15,16,15,measured,229.76315307617188,325.36444091796875
194,6.466667,0,15,17,15,measured,229.72982788085938,325.4148864746094
195,6.5,0,15,17,15,measured,229.66525268554688,324.8524169921875
196,6.533333,0,15,17,15,measured,229.00108337402344,324.5496520996094
197,6.566667,0,16,17,16,measured,228.02305603027344,323.8163757324219
198,6.6,0,16,17,16,measured,227.51666259765625,323.45361328125
199,6.633333,0,15,17,15,measured,227.01039123535156,323.0186462402344
200,6.666667,0,14,17,14,measured,227.10714721679688,323.1419677734375
201,6.7,0,15,17,15,measured,227.23336791992188,323.27099609375
202,6.733333,0,15,17,15,measured,227.34315490722656,322.1703796386719
203,6.766667,0,14,17,14,measured,227.42190551757812,321.5822448730469
204,6.8,0,15,17,15,measured,227.470703125,321.3295593261719
205,6.833333,0,15,17,15,measured,227.49668884277344,321.2669372558594
206,6.866667,0,14,17,14,measured,227.50778198242188,320.0908508300781
207,6.9,0,15,17,15,measured,227.51046752929688,319.49041748046875
208,6.933333,0,14,17,14,measured,227.5092010498047,318.0501708984375
209,6.966667,0,13,17,13,measured,227.5066375732422,317.3535461425781
210,7.0,0,13,17,13,measured,227.50413513183594,317.1086730957031
211,7.033333,0,15,17,15,measured,227.50221252441406,316.49688720703125
212,7.066667,0,14,17,14,measured,227.20016479492188,315.3514709472656
213,7.1,0,14,17,14,measured,226.734375,313.914306640625
214,7.133333,0,14,17,14,measured,223.78941345214844,300.3154602050781
215,7.166667,0,15,17,15,measured,222.2167205810547,293.34234619140625
216,7.2,0,15,17,15,measured,221.541748046875,290.3760681152344
217,7.233333,0,14,17,14,measured,223.48057556152344,299.8948974609375
218,7.266667,0,13,17,13,measured,223.50059509277344,295.00274658203125
219,7.3,0,13,17,13,measured,224.71157836914062,301.8970031738281
220,7.333333,0,14,17,14,measured,225.67080688476562,305.593505859375
221,7.366667,0,12,17,12,measured,226.72802734375,306.1770324707031
222,7.4,0,12,17,12,measured,227.20994567871094,306.1468505859375
223,7.433333,0,12,17,12,measured,226.15196228027344,305.87890625
224,7.466667,0,13,17,13,measured,224.5709991455078,293.8453674316406
225,7.5,0,14,18,14,measured,227.01072692871094,295.00885009765625
226,7.533333,0,14,18,14,measured,230.23143005371094,295.34918212890625
227,7.566667,0,14,18,14,measured,232.8116912841797,294.0484924316406
228,7.6,0,14,18,14,measured,233.9933624267578,293.5194091796875
229,7.633333,0,14,18,14,measured,236.76034545898438,292.2127380371094
230,7.666667,0,15,18,15,measured,238.6294403076172,292.5469970703125
231,7.7,0,15,18,15,measured,241.14996337890625,291.689697265625
232,7.733333,0,16,18,16,measured,242.23233032226562,291.3058166503906
233,7.766667,0,16,18,16,measured,243.7032928466797,290.5946350097656
234,7.8,0,16,18,16,measured,244.24398803710938,290.2901611328125
235,7.833333,0,15,18,15,measured,244.89495849609375,289.6141052246094
236,7.866667,0,16,18,16,measured,245.66775512695312,289.31927490234375
237,7.9,0,15,18,15,measured,247.141357421875,288.03900146484375
238,7.933333,0,15,18,15,measured,247.8085174560547,287.4085998535156
239,7.966667,0,16,18,16,measured,249.20863342285156,287.1778259277344
240,8.0,0,15,18,15,measured,249.8314971923828,287.15777587890625
241,8.033333,0,16,18,16,measured,250.0056915283203,287.2261657714844
242,8.066667,0,16,18,16,measured,250.56381225585938,287.31451416015625
243,8.1,0,16,18,16,measured,251.37350463867188,286.18798828125
244,8.133333,0,17,18,17,measured,252.32591247558594,285.5856018066406
245,8.166667,0,16,18,16,measured,253.34580993652344,285.32647705078125
246,8.2,0,16,18,16,measured,253.7865753173828,285.261962890625
247,8.233333,0,17,18,17,measured,253.8982391357422,285.2893981933594
248,8.266667,0,15,18,15,measured,255.05699157714844,285.3473205566406
249,8.3,0,14,18,14,measured,255.61753845214844,285.40447998046875
250,8.333333,0,14,19,14,measured,255.81463623046875,286.0501403808594
251,8.366667,0,15,19,15,measured,255.8229522705078,286.40777587890625
252,8.4,0,16,19,16,measured,255.7541961669922,286.57086181640625
253,8.433333,0,15,19,15,measured,256.87322998046875,287.2215881347656
254,8.466667,0,14,19,14,measured,257.4589538574219,287.5429992675781
255,8.5,0,14,19,14,measured,257.70147705078125,287.66143798828125
256,8.533333,0,16,19,16,measured,257.7531433105469,287.672607421875
257,8.566667,0,16,19,16,measured,258.9203796386719,288.2401123046875
258,8.6,0,16,19,16,measured,259.5148010253906,288.52423095703125
259,8.633333,0,15,20,15,measured,259.7483215332031,288.63201904296875
260,8.666667,0,14,20,14,measured,259.78594970703125,289.2470703125
261,8.7,0,16,21,16,measured,259.73712158203125,289.548583984375
262,8.733333,0,15,21,15,measured,260.2663269042969,289.6578674316406
263,8.766667,0,14,21,14,measured,256.9198913574219,283.34967041015625
264,8.8,0,14,21,14,measured,255.04653930664062,279.8656005859375
265,8.833333,0,15,22,15,measured,258.68994140625,283.99920654296875
266,8.866667,0,16,22,16,measured,437.5,243.5
267,8.9,0,20,23,20,measured,437.5,244.33673095703125
268,8.933333,0,18,23,18,measured,263.0,273.0
269,8.966667,0,18,23,18,measured,263.4183654785156,270.0714416503906
270,9.0,0,17,22,17,measured,263.5279235839844,269.304443359375
271,9.033333,0,16,22,16,measured,264.99615478515625,266.2649230957031
272,9.066667,0,17,22,17,measured,265.59259033203125,262.4100036621094
273,9.1,0,14,22,14,measured,266.10986328125,259.23638916015625
274,9.133333,0,15,22,15,measured,265.9807434082031,255.8151397705078
275,9.166667,0,15,22,15,measured,266.4338073730469,251.97718811035156
276,9.2,0,16,22,16,measured,266.62835693359375,250.3472442626953
277,9.233333,0,16,21,16,measured,266.6773681640625,248.14849853515625
278,9.266667,0,16,21,16,measured,267.25897216796875,246.7493133544922
279,9.3,0,15,21,15,measured,267.54449462890625,245.15621948242188
280,9.333333,0,16,21,16,measured,267.3475036621094,243.09425354003906
281,9.366667,0,15,21,15,measured,268.0938415527344,241.34933471679688
282,9.4,0,15,21,15,measured,268.4818420410156,240.687744140625
283,9.433333,0,16,21,16,measured,268.6404724121094,239.40225219726562
284,9.466667,0,17,21,17,measured,270.17626953125,237.40797424316406
285,9.5,0,18,21,18,measured,271.2727966308594,235.61997985839844
286,9.533333,0,18,21,18,measured,271.7603759765625,233.67767333984375
287,9.566667,0,16,21,16,measured,272.79888916015625,232.56336975097656
288,9.6,0,16,21,16,measured,272.9567565917969,231.91604614257812
289,9.633333,0,18,21,18,measured,273.218505859375,230.8861083984375
290,9.666667,0,18,21,18,measured,274.4771728515625,230.50115966796875
291,9.7,0,17,21,17,measured,276.2984924316406,229.25596618652344
292,9.733333,0,16,21,16,measured,278.38385009765625,227.4995880126953
293,9.766667,0,17,21,17,measured,279.35223388671875,226.08673095703125
294,9.8,0,16,21,16,measured,279.6594543457031,225.50445556640625
295,9.833333,0,16,20,16,measured,280.83782958984375,224.17990112304688
296,9.866667,0,18,21,18,measured,353.5,134.0
297,9.9,0,16,21,16,measured,354.33673095703125,126.05101776123047
298,9.933333,0,16,21,16,measured,353.39813232421875,124.74097442626953
299,9.966667,0,16,20,16,measured,353.3632507324219,126.08893585205078
