scope,source_relative_path,size_bytes,decision
workspace,debug_single_frame.py,3793,Excluded one-off debug utility; replaced by reusable evidence capture
workspace,drive-download-20261005T001118Z-1-001.zip,727576741,Excluded download/document-build archive
workspace,extract_debug_frames.py,1553,Retained mature implementation; enhanced in repository
workspace,full_project_context.txt,38354,"Reviewed project context/history; relevant theory, commands and claims distilled into documentation"
workspace,manual_seed.json,1193,Retained as configs/manual_seed.example.json; original-clip only
workspace,manual_seed_tool.py,7967,Retained mature implementation; enhanced in repository
workspace,OpenCV Proposal.pdf,72353,"Reviewed project context/history; relevant theory, commands and claims distilled into documentation"
workspace,OpenCV Proposal.txt,3919,"Reviewed project context/history; relevant theory, commands and claims distilled into documentation"
workspace,outputs_hybrid_ultralytics_yolo11m_ballfusion/annotated_tracking.mp4,8317529,Excluded generated video; selected runs used for actual frame evidence
workspace,outputs_hybrid_ultralytics_yolo11m_ballfusion/run_summary.json,867,"Reviewed numerical evidence; representative runs retained, duplicate high-res run excluded"
workspace,outputs_hybrid_ultralytics_yolo11m_ballfusion/track_metrics.csv,1000,"Reviewed numerical evidence; representative runs retained, duplicate high-res run excluded"
workspace,outputs_hybrid_ultralytics_yolo11s_ball_highresml/annotated_tracking.mp4,8350895,Excluded generated video; selected runs used for actual frame evidence
workspace,outputs_hybrid_ultralytics_yolo11s_ball_highresml/run_summary.json,1155,"Reviewed numerical evidence; representative runs retained, duplicate high-res run excluded"
workspace,outputs_hybrid_ultralytics_yolo11s_ball_highresml/track_metrics.csv,1141,"Reviewed numerical evidence; representative runs retained, duplicate high-res run excluded"
workspace,outputs_hybrid_ultralytics_yolo11s_ball_highresml_viz/annotated_tracking.mp4,8405102,Excluded generated video; selected runs used for actual frame evidence
workspace,outputs_hybrid_ultralytics_yolo11s_ball_highresml_viz/run_summary.json,1159,"Reviewed numerical evidence; representative runs retained, duplicate high-res run excluded"
workspace,outputs_hybrid_ultralytics_yolo11s_ball_highresml_viz/track_metrics.csv,1141,"Reviewed numerical evidence; representative runs retained, duplicate high-res run excluded"
workspace,outputs_hybrid_ultralytics_yolo11s_ball_highresml_viz_30sec/annotated_tracking.mp4,24622565,Excluded generated video; selected runs used for actual frame evidence
workspace,outputs_hybrid_ultralytics_yolo11s_ball_highresml_viz_30sec/run_summary.json,1168,"Reviewed numerical evidence; representative runs retained, duplicate high-res run excluded"
workspace,outputs_hybrid_ultralytics_yolo11s_ball_highresml_viz_30sec/track_metrics.csv,3085,"Reviewed numerical evidence; representative runs retained, duplicate high-res run excluded"
workspace,outputs_ultralytics_yolo11m_baseline/annotated_tracking.mp4,12022935,Excluded generated video; selected runs used for actual frame evidence
workspace,outputs_ultralytics_yolo11m_baseline/run_summary.json,415,"Reviewed numerical evidence; representative runs retained, duplicate high-res run excluded"
workspace,presentation_brief.md,11817,"Reviewed project context/history; relevant theory, commands and claims distilled into documentation"
workspace,requirements.txt,72,Replaced with pinned core/full/dev requirements
workspace,run_ultralytics_baseline.py,4722,Retained mature implementation; enhanced in repository
workspace,soccer_footage.mp4,617834328,External source footage; excluded full video; fingerprint and selected frames retained
workspace,soccer_hybrid_pipeline.py,35866,Retained mature implementation; enhanced in repository
workspace,soccer_opencv_pipeline.py,59083,Retained mature implementation; enhanced in repository
workspace,soccer_opencv_pipeline_v2.py,23716,Excluded superseded prototype
workspace,tracking_progress_report.md,8861,"Reviewed project context/history; relevant theory, commands and claims distilled into documentation"
workspace,tracking_progress_report.pdf,131947,"Reviewed project context/history; relevant theory, commands and claims distilled into documentation"
workspace,yolo11m.pt,40684120,External model asset; excluded binary; YOLO11s fingerprint recorded
workspace,yolo11n.pt,5613764,External model asset; excluded binary; YOLO11s fingerprint recorded
workspace,yolo11s.pt,19313732,External model asset; excluded binary; YOLO11s fingerprint recorded
laptop_bundle,_presentation_extract.zip,3438599,Excluded download/document-build archive
laptop_bundle,_report_docx_check.zip,2776869,Excluded download/document-build archive
laptop_bundle,_twocol_docx_verify.zip,2776919,Excluded download/document-build archive
laptop_bundle,_twocol_docx_work.zip,2777234,Excluded download/document-build archive
laptop_bundle,_updatedrefs_docx_work.zip,2777449,Excluded download/document-build archive
laptop_bundle,_updatedrefs_final_verify.zip,2778065,Excluded download/document-build archive
laptop_bundle,_updatedrefs_verify.zip,2777848,Excluded download/document-build archive
laptop_bundle,debug_single_frame.py,3793,Excluded one-off debug utility; replaced by reusable evidence capture
laptop_bundle,extract_debug_frames.py,1553,Duplicate core source; byte-identical to workspace version
laptop_bundle,full_project_context.txt,38354,"Reviewed project context/history; relevant theory, commands and claims distilled into documentation"
laptop_bundle,generate_presentation_pipeline_steps.py,30360,Retained as generate_pipeline_figures.py
laptop_bundle,generate_presentation_pipeline_steps_classical_v7.py,25681,Retained as generate_classical_figures.py
laptop_bundle,generate_presentation_pipeline_steps_v2.py,14045,Excluded superseded prototype
laptop_bundle,manual_seed.json,1193,Retained as configs/manual_seed.example.json; original-clip only
laptop_bundle,manual_seed_tool.py,7967,Duplicate core source; byte-identical to workspace version
laptop_bundle,OpenCV Proposal.pdf,72353,"Reviewed project context/history; relevant theory, commands and claims distilled into documentation"
laptop_bundle,OpenCV Proposal.txt,3919,"Reviewed project context/history; relevant theory, commands and claims distilled into documentation"
laptop_bundle,outputs_v7_refined_seeded_safe_v6/annotated_tracking.mp4,7687859,Excluded generated video; selected runs used for actual frame evidence
laptop_bundle,outputs_v7_refined_seeded_safe_v6/run_summary.json,630,"Reviewed numerical evidence; representative runs retained, duplicate high-res run excluded"
laptop_bundle,outputs_v7_refined_seeded_safe_v6/track_metrics.csv,1952,"Reviewed numerical evidence; representative runs retained, duplicate high-res run excluded"
laptop_bundle,outputs_v7_refined_seeded_safe_v7/annotated_tracking.mp4,7680704,Excluded generated video; selected runs used for actual frame evidence
laptop_bundle,outputs_v7_refined_seeded_safe_v7/run_summary.json,630,"Reviewed numerical evidence; representative runs retained, duplicate high-res run excluded"
laptop_bundle,outputs_v7_refined_seeded_safe_v7/track_metrics.csv,1951,"Reviewed numerical evidence; representative runs retained, duplicate high-res run excluded"
laptop_bundle,outputs_v7_refined_seeded_safe_v8/annotated_tracking.mp4,7134998,Excluded generated video; selected runs used for actual frame evidence
laptop_bundle,outputs_v7_refined_seeded_safe_v8/run_summary.json,630,"Reviewed numerical evidence; representative runs retained, duplicate high-res run excluded"
laptop_bundle,outputs_v7_refined_seeded_safe_v8/track_metrics.csv,1648,"Reviewed numerical evidence; representative runs retained, duplicate high-res run excluded"
laptop_bundle,presentation_pipeline_steps_classical_v7_frame159/01_input_frame.png,423724,Reviewed illustration pack; selected distinct stages retained with import manifest
laptop_bundle,presentation_pipeline_steps_classical_v7_frame159/02_hsv_channels.png,1798393,Reviewed illustration pack; selected distinct stages retained with import manifest
laptop_bundle,presentation_pipeline_steps_classical_v7_frame159/03_pitch_segmentation.png,381283,Reviewed illustration pack; selected distinct stages retained with import manifest
laptop_bundle,presentation_pipeline_steps_classical_v7_frame159/04_playable_region_and_crowd.png,366219,Reviewed illustration pack; selected distinct stages retained with import manifest
laptop_bundle,presentation_pipeline_steps_classical_v7_frame159/05_motion_mask.png,46570,Reviewed illustration pack; selected distinct stages retained with import manifest
laptop_bundle,presentation_pipeline_steps_classical_v7_frame159/06_motion_contours.png,465008,Reviewed illustration pack; selected distinct stages retained with import manifest
laptop_bundle,presentation_pipeline_steps_classical_v7_frame159/07_classical_player_detections.png,431587,Reviewed illustration pack; selected distinct stages retained with import manifest
laptop_bundle,presentation_pipeline_steps_classical_v7_frame159/08_team_masks_and_calibration.png,842464,Reviewed illustration pack; selected distinct stages retained with import manifest
laptop_bundle,presentation_pipeline_steps_classical_v7_frame159/09_team_classified_players.png,435375,Reviewed illustration pack; selected distinct stages retained with import manifest
laptop_bundle,presentation_pipeline_steps_classical_v7_frame159/10_tracking_and_recovery_main_frame.png,447464,Reviewed illustration pack; selected distinct stages retained with import manifest
laptop_bundle,presentation_pipeline_steps_classical_v7_frame159/11_classical_tracking.png,446731,Reviewed illustration pack; selected distinct stages retained with import manifest
laptop_bundle,presentation_pipeline_steps_classical_v7_frame159/12_ball_candidate_sources.png,1926978,Reviewed illustration pack; selected distinct stages retained with import manifest
laptop_bundle,presentation_pipeline_steps_classical_v7_frame159/13_final_v7_classical_output.png,450931,Reviewed illustration pack; selected distinct stages retained with import manifest
laptop_bundle,presentation_pipeline_steps_classical_v7_frame159/14_manual_seed_calibration.png,515937,Reviewed illustration pack; selected distinct stages retained with import manifest
laptop_bundle,presentation_pipeline_steps_classical_v7_frame159/15_recovery_example.png,512371,Reviewed illustration pack; selected distinct stages retained with import manifest
laptop_bundle,presentation_pipeline_steps_classical_v7_frame159/captions.md,1603,"Reviewed project context/history; relevant theory, commands and claims distilled into documentation"
laptop_bundle,presentation_pipeline_steps_classical_v7_frame159/manifest.json,767,Reviewed figure frame/source provenance; selected figures recorded in repository manifests
laptop_bundle,presentation_pipeline_steps_frame159/01_input_frame.png,423724,Reviewed illustration pack; selected distinct stages retained with import manifest
laptop_bundle,presentation_pipeline_steps_frame159/02_hsv_channels.png,1804468,Reviewed illustration pack; selected distinct stages retained with import manifest
laptop_bundle,presentation_pipeline_steps_frame159/03_pitch_segmentation.png,389285,Reviewed illustration pack; selected distinct stages retained with import manifest
laptop_bundle,presentation_pipeline_steps_frame159/04_playable_region_and_crowd.png,376081,Reviewed illustration pack; selected distinct stages retained with import manifest
laptop_bundle,presentation_pipeline_steps_frame159/05_motion_mask.png,46570,Reviewed illustration pack; selected distinct stages retained with import manifest
laptop_bundle,presentation_pipeline_steps_frame159/06_raw_yolo_player_detections.png,456717,Reviewed illustration pack; selected distinct stages retained with import manifest
laptop_bundle,presentation_pipeline_steps_frame159/07_detector_filtering_comparison.png,872772,Reviewed illustration pack; selected distinct stages retained with import manifest
laptop_bundle,presentation_pipeline_steps_frame159/08_team_masks.png,838343,Reviewed illustration pack; selected distinct stages retained with import manifest
laptop_bundle,presentation_pipeline_steps_frame159/09_team_classified_players.png,439924,Reviewed illustration pack; selected distinct stages retained with import manifest
laptop_bundle,presentation_pipeline_steps_frame159/10_tracking_and_recovery_main_frame.png,456482,Reviewed illustration pack; selected distinct stages retained with import manifest
laptop_bundle,presentation_pipeline_steps_frame159/11_ball_detector_candidates.png,431176,Reviewed illustration pack; selected distinct stages retained with import manifest
laptop_bundle,presentation_pipeline_steps_frame159/12_ball_classical_candidates.png,437513,Reviewed illustration pack; selected distinct stages retained with import manifest
laptop_bundle,presentation_pipeline_steps_frame159/13_ball_fusion_final.png,454024,Reviewed illustration pack; selected distinct stages retained with import manifest
laptop_bundle,presentation_pipeline_steps_frame159/14_manual_seed_calibration.png,534355,Reviewed illustration pack; selected distinct stages retained with import manifest
laptop_bundle,presentation_pipeline_steps_frame159/15_recovery_example.png,517027,Reviewed illustration pack; selected distinct stages retained with import manifest
laptop_bundle,presentation_pipeline_steps_frame159/captions.md,1653,"Reviewed project context/history; relevant theory, commands and claims distilled into documentation"
laptop_bundle,presentation_pipeline_steps_frame159/manifest.json,752,Reviewed figure frame/source provenance; selected figures recorded in repository manifests
laptop_bundle,presentation_pipeline_steps_v2_frame159/01_input_frame.png,423724,Reviewed illustration pack; selected distinct stages retained with import manifest
laptop_bundle,presentation_pipeline_steps_v2_frame159/02_hsv_channels.png,1803319,Reviewed illustration pack; selected distinct stages retained with import manifest
laptop_bundle,presentation_pipeline_steps_v2_frame159/03_pitch_segmentation.png,381283,Reviewed illustration pack; selected distinct stages retained with import manifest
laptop_bundle,presentation_pipeline_steps_v2_frame159/04_playable_region_and_crowd.png,366219,Reviewed illustration pack; selected distinct stages retained with import manifest
laptop_bundle,presentation_pipeline_steps_v2_frame159/05_motion_mask.png,46570,Reviewed illustration pack; selected distinct stages retained with import manifest
laptop_bundle,presentation_pipeline_steps_v2_frame159/06_motion_contours.png,465008,Reviewed illustration pack; selected distinct stages retained with import manifest
laptop_bundle,presentation_pipeline_steps_v2_frame159/07_motion_player_detections.png,435180,Reviewed illustration pack; selected distinct stages retained with import manifest
laptop_bundle,presentation_pipeline_steps_v2_frame159/08_team_classification.png,434405,Reviewed illustration pack; selected distinct stages retained with import manifest
laptop_bundle,presentation_pipeline_steps_v2_frame159/09_team_region_masks.png,838178,Reviewed illustration pack; selected distinct stages retained with import manifest
laptop_bundle,presentation_pipeline_steps_v2_frame159/10_ball_candidates.png,431309,Reviewed illustration pack; selected distinct stages retained with import manifest
laptop_bundle,presentation_pipeline_steps_v2_frame159/11_classical_tracking.png,436355,Reviewed illustration pack; selected distinct stages retained with import manifest
laptop_bundle,presentation_pipeline_steps_v2_frame159/12_final_v2_output.png,432555,Reviewed illustration pack; selected distinct stages retained with import manifest
laptop_bundle,presentation_pipeline_steps_v2_frame159/captions.md,1175,"Reviewed project context/history; relevant theory, commands and claims distilled into documentation"
laptop_bundle,presentation_pipeline_steps_v2_frame159/manifest.json,550,Reviewed figure frame/source provenance; selected figures recorded in repository manifests
laptop_bundle,requirements.txt,72,Replaced with pinned core/full/dev requirements
laptop_bundle,run_ultralytics_baseline.py,4722,Duplicate core source; byte-identical to workspace version
laptop_bundle,soccer_footage.mp4,617834328,External source footage; excluded full video; fingerprint and selected frames retained
laptop_bundle,soccer_hybrid_architecture_comparison.md,23465,"Reviewed project context/history; relevant theory, commands and claims distilled into documentation"
laptop_bundle,soccer_hybrid_architecture_comparison.pdf,1807034,"Reviewed project context/history; relevant theory, commands and claims distilled into documentation"
laptop_bundle,soccer_hybrid_pipeline.py,35866,Duplicate core source; byte-identical to workspace version
laptop_bundle,soccer_opencv_pipeline.py,59083,Duplicate core source; byte-identical to workspace version
laptop_bundle,soccer_opencv_pipeline_v2.py,23716,Excluded superseded prototype
laptop_bundle,soccer_project_presentation_brief.pdf,1388781,"Reviewed project context/history; relevant theory, commands and claims distilled into documentation"
laptop_bundle,Team5_Project Report.docx,2776869,Excluded duplicate report/document export; latest paper consulted
laptop_bundle,Team5_Project Report.md,21647,"Reviewed project context/history; relevant theory, commands and claims distilled into documentation"
laptop_bundle,Team5_Project Report.pdf,3154062,Excluded duplicate report/document export; latest paper consulted
laptop_bundle,Team5_Project Report_TwoColumn.docx,2776919,Excluded duplicate report/document export; latest paper consulted
laptop_bundle,Team5_Project Report_TwoColumn.md,23619,"Reviewed project context/history; relevant theory, commands and claims distilled into documentation"
laptop_bundle,Team5_Project Report_TwoColumn.pdf,3155044,Excluded duplicate report/document export; latest paper consulted
laptop_bundle,Team5_Project Report_TwoColumn_UpdatedRefs.docx,2778065,Excluded duplicate report/document export; latest paper consulted
laptop_bundle,Team5_Project Report_TwoColumn_UpdatedRefs.md,24064,Consulted latest referenced paper for documentation; report omitted from published files
laptop_bundle,Team5_Project Report_TwoColumn_UpdatedRefs.pdf,3158496,Excluded duplicate report/document export; latest paper consulted
laptop_bundle,Team5_Project_Report_Draft.docx,2777992,Excluded duplicate report/document export; latest paper consulted
laptop_bundle,Team5_Project_Report_Draft.md,24577,"Reviewed project context/history; relevant theory, commands and claims distilled into documentation"
laptop_bundle,Team5_Project_Report_Draft.pdf,3154062,Excluded duplicate report/document export; latest paper consulted
laptop_bundle,Team5_Project_Report_TwoColumn.docx,2777234,Excluded duplicate report/document export; latest paper consulted
laptop_bundle,Team5_Project_Report_TwoColumn.md,24064,"Reviewed project context/history; relevant theory, commands and claims distilled into documentation"
laptop_bundle,Team5_Project_Report_TwoColumn.pdf,3157535,Excluded duplicate report/document export; latest paper consulted
laptop_bundle,Team5_Project_Report_TwoColumn_UpdatedRefs.pdf,3158496,Excluded duplicate report/document export; latest paper consulted
laptop_bundle,Team5_Project_Report_TwoColumn_UpdatedRefs_raw.docx,2777449,Excluded duplicate report/document export; latest paper consulted
laptop_bundle,tracking_progress_report.md,8861,"Reviewed project context/history; relevant theory, commands and claims distilled into documentation"
laptop_bundle,tracking_progress_report.pdf,131947,"Reviewed project context/history; relevant theory, commands and claims distilled into documentation"
laptop_bundle,yolo11n.pt,5613764,External model asset; excluded binary; YOLO11s fingerprint recorded
